701,7,Wayne Hennessey ,Crystal Palace,GK
702,7,Danny Ward ,Liverpool,GK
703,7,Owain Fon Williams ,Inverness,GK
704,7,Ben Davies ,Tottenham,LB
705,7,Neil Taylor ,Swansea,LB
706,7,Chris Gunter ,Reading,RB
707,7,Ashley Williams ,Swansea,CB
708,7,James Chester ,West Brom,CB
709,7,Ashley Richards ,Fulham,RB
710,7,James Collins ,West Ham,CB
711,7,Aaron Ramsey ,Arsenal,CM
712,7,Joe Ledley ,Crystal Palace,CM
713,7,David Vaughan ,Nottingham Forest,CDM
714,7,Joe Allen ,Liverpool,CM
715,7,David Cotterill ,Birmingham,RM
716,7,Jonathan Williams ,Crystal Palace,CAM
717,7,George Williams ,Fulham,LM
718,7,Andy King ,Leicester,CM
719,7,David Edwards ,Wolves,CAM
720,7,Hal Robson-Kanu ,Reading,LM
721,7,Garath Bale,Real Madrid,LW
722,7,Tom Bradshaw ,Walsall,ST
723,7,Simon Church ,Nottingham Forest,ST
